# Total column ozone and ozone profiles measured at Maitri, Antarctica.
# Station: Maitri (WOUDC station 400, GAW ID MTR), 70.45 S, 11.45 E, 330 m.
# Measured by: India Meteorological Department (IMD).
# Station operated by: National Centre for Polar and Ocean Research (NCPOR).
# Archived by: WMO Global Atmosphere Watch / World Ozone and Ultraviolet
#   Radiation Data Centre (WOUDC), https://woudc.org
# Retrieved from the WOUDC data registry API, https://api.woudc.org
# Free and unrestricted for scientific, educational and policy use, on the
# condition that the contributing agency (IMD) and the WOUDC are credited.
# Republished unmodified by NCPOR as part of the Indian Antarctic archive.
# Column ozone and column sulphur dioxide in Dobson Units (DU).
# One row per observation day.
date_utc,column_o3_du,column_so2_du,n_observations,wavelength_code,observation_code,instrument
1999-09-14,161,1,7,0,0,Brewer MKIV #153
1999-09-15,158,1,9,0,0,Brewer MKIV #153
1999-09-16,180,1,7,0,0,Brewer MKIV #153
1999-09-17,171,1,9,0,0,Brewer MKIV #153
1999-09-19,208,1,9,0,0,Brewer MKIV #153
1999-09-20,232,1,9,0,0,Brewer MKIV #153
1999-09-21,195,1,9,0,0,Brewer MKIV #153
1999-09-22,171,3,1,0,0,Brewer MKIV #153
1999-09-23,169,1,11,0,0,Brewer MKIV #153
1999-09-24,157,1,9,0,0,Brewer MKIV #153
1999-09-25,145,3,5,0,0,Brewer MKIV #153
1999-09-26,146,1,13,0,0,Brewer MKIV #153
1999-09-27,155,1,16,0,0,Brewer MKIV #153
1999-09-28,170,1,14,0,0,Brewer MKIV #153
1999-09-29,165,1,16,0,0,Brewer MKIV #153
1999-09-30,151,1,13,0,0,Brewer MKIV #153
1999-10-01,166,1,13,0,0,Brewer MKIV #153
1999-10-02,150,2,9,0,0,Brewer MKIV #153
1999-10-03,145,1,13,0,0,Brewer MKIV #153
1999-10-04,167,1,9,0,0,Brewer MKIV #153
1999-10-05,187,1,3,0,0,Brewer MKIV #153
1999-10-06,165,1,21,0,0,Brewer MKIV #153
1999-10-07,153,1,19,0,0,Brewer MKIV #153
1999-10-08,140,1,19,0,0,Brewer MKIV #153
1999-10-09,138,1,21,0,0,Brewer MKIV #153
1999-10-10,138,1,20,0,0,Brewer MKIV #153
1999-10-11,154,1,20,0,0,Brewer MKIV #153
1999-10-12,153,1,17,0,0,Brewer MKIV #153
1999-10-13,156,1,9,0,0,Brewer MKIV #153
1999-10-14,151,1,20,0,0,Brewer MKIV #153
1999-10-15,157,2,20,0,0,Brewer MKIV #153
1999-10-16,161,2,20,0,0,Brewer MKIV #153
1999-10-17,155,1,20,0,0,Brewer MKIV #153
1999-10-21,143,1,21,0,0,Brewer MKIV #153
1999-10-22,146,1,28,0,0,Brewer MKIV #153
1999-10-23,152,1,4,0,0,Brewer MKIV #153
1999-10-28,136,3,9,0,0,Brewer MKIV #153
1999-10-29,137,2,16,0,0,Brewer MKIV #153
1999-10-31,142,2,14,0,0,Brewer MKIV #153
1999-11-10,139,1,12,0,0,Brewer MKIV #153
1999-11-11,138,2,19,0,0,Brewer MKIV #153
1999-11-12,169,2,18,0,0,Brewer MKIV #153
1999-11-13,169,2,25,0,0,Brewer MKIV #153
1999-11-14,165,2,26,0,0,Brewer MKIV #153
1999-11-16,154,2,26,0,0,Brewer MKIV #153
1999-11-17,154,2,26,0,0,Brewer MKIV #153
1999-11-18,159,2,38,0,0,Brewer MKIV #153
1999-11-20,223,2,30,0,0,Brewer MKIV #153
1999-11-22,216,2,5,0,0,Brewer MKIV #153
1999-11-23,206,2,21,0,0,Brewer MKIV #153
1999-11-24,189,2,31,0,0,Brewer MKIV #153
1999-11-25,175,2,10,0,0,Brewer MKIV #153
1999-11-26,169,2,34,0,0,Brewer MKIV #153
1999-11-27,212,2,18,0,0,Brewer MKIV #153
1999-11-28,192,2,36,0,0,Brewer MKIV #153
1999-11-29,187,2,35,0,0,Brewer MKIV #153
1999-11-30,190,2,31,0,0,Brewer MKIV #153
1999-12-01,174,2,33,0,0,Brewer MKIV #153
1999-12-02,170,2,40,0,0,Brewer MKIV #153
1999-12-04,167,2,39,0,0,Brewer MKIV #153
1999-12-05,171,2,37,0,0,Brewer MKIV #153
1999-12-06,175,2,3,0,0,Brewer MKIV #153
1999-12-07,197,2,11,0,0,Brewer MKIV #153
1999-12-09,194,1,6,0,0,Brewer MKIV #153
1999-12-10,184,2,35,0,0,Brewer MKIV #153
1999-12-13,237,3,7,0,0,Brewer MKIV #153
1999-12-14,254,2,20,0,0,Brewer MKIV #153
1999-12-15,263,2,41,0,0,Brewer MKIV #153
1999-12-16,269,3,15,0,0,Brewer MKIV #153
1999-12-17,296,2,34,0,0,Brewer MKIV #153
1999-12-18,264,2,46,0,0,Brewer MKIV #153
1999-12-23,201,2,38,0,0,Brewer MKIV #153
1999-12-24,190,2,45,0,0,Brewer MKIV #153
1999-12-25,190,2,44,0,0,Brewer MKIV #153
1999-12-26,188,3,3,0,0,Brewer MKIV #153
1999-12-28,241,2,25,0,0,Brewer MKIV #153
1999-12-30,273,2,42,0,0,Brewer MKIV #153
2000-01-01,282,2,27,0,0,Brewer MKIV #153
2000-01-02,288,2,22,0,0,Brewer MKIV #153
2000-01-08,279,3,15,0,0,Brewer MKIV #153
2000-01-10,294,1,7,0,0,Brewer MKIV #153
2000-01-11,289,2,14,0,0,Brewer MKIV #153
2000-01-12,284,2,25,0,0,Brewer MKIV #153
2000-01-13,285,2,36,0,0,Brewer MKIV #153
2000-01-14,289,2,2,0,0,Brewer MKIV #153
2000-01-15,301,2,14,0,0,Brewer MKIV #153
2000-01-16,296,3,5,0,0,Brewer MKIV #153
2000-01-17,282,2,36,0,0,Brewer MKIV #153
2000-01-18,271,2,29,0,0,Brewer MKIV #153
2000-01-19,279,2,33,0,0,Brewer MKIV #153
2000-01-20,289,2,36,0,0,Brewer MKIV #153
2000-01-21,276,2,34,0,0,Brewer MKIV #153
2000-01-22,279,2,25,0,0,Brewer MKIV #153
2000-01-23,277,2,27,0,0,Brewer MKIV #153
2000-01-24,275,2,11,0,0,Brewer MKIV #153
2000-01-25,281,2,26,0,0,Brewer MKIV #153
2000-01-27,270,2,22,0,0,Brewer MKIV #153
2000-01-29,275,2,31,0,0,Brewer MKIV #153
2000-01-30,271,2,8,0,0,Brewer MKIV #153
2000-01-31,273,3,7,0,0,Brewer MKIV #153
2000-02-03,262,3,7,0,0,Brewer MKIV #153
2000-02-04,275,2,15,0,0,Brewer MKIV #153
2000-02-05,292,2,8,0,0,Brewer MKIV #153
2000-02-06,283,2,30,0,0,Brewer MKIV #153
2000-02-07,269,3,1,0,0,Brewer MKIV #153
2000-02-08,266,2,32,0,0,Brewer MKIV #153
2000-02-09,262,2,22,0,0,Brewer MKIV #153
2000-02-10,266,2,37,0,0,Brewer MKIV #153
2000-02-12,250,2,26,0,0,Brewer MKIV #153
2000-02-13,255,2,23,0,0,Brewer MKIV #153
2000-02-14,250,2,23,0,0,Brewer MKIV #153
2000-02-15,261,2,24,0,0,Brewer MKIV #153
2000-02-17,251,2,25,0,0,Brewer MKIV #153
2000-02-18,254,1,24,0,0,Brewer MKIV #153
2000-02-19,261,2,15,0,0,Brewer MKIV #153
2000-02-20,272,1,11,0,0,Brewer MKIV #153
2000-02-22,259,1,24,0,0,Brewer MKIV #153
2000-02-23,254,1,15,0,0,Brewer MKIV #153
2000-02-24,260,1,21,0,0,Brewer MKIV #153
2000-02-25,266,1,24,0,0,Brewer MKIV #153
2000-02-29,266,2,9,0,0,Brewer MKIV #153
2000-03-01,260,1,28,0,0,Brewer MKIV #153
2000-03-02,262,1,23,0,0,Brewer MKIV #153
2000-03-03,267,1,14,0,0,Brewer MKIV #153
2000-03-07,266,1,12,0,0,Brewer MKIV #153
2000-03-08,284,1,23,0,0,Brewer MKIV #153
2000-03-09,283,1,23,0,0,Brewer MKIV #153
2000-03-10,281,1,13,0,0,Brewer MKIV #153
2000-03-11,282,1,21,0,0,Brewer MKIV #153
2000-03-12,273,1,12,0,0,Brewer MKIV #153
2000-03-13,264,1,20,0,0,Brewer MKIV #153
2000-03-14,260,1,21,0,0,Brewer MKIV #153
2000-03-17,251,1,17,0,0,Brewer MKIV #153
2000-03-18,273,0,19,0,0,Brewer MKIV #153
2000-03-20,276,0,16,0,0,Brewer MKIV #153
2000-03-21,264,1,7,0,0,Brewer MKIV #153
2000-03-24,285,0,1,0,0,Brewer MKIV #153
2000-03-25,242,1,6,0,0,Brewer MKIV #153
2000-03-27,239,1,11,0,0,Brewer MKIV #153
2000-03-28,243,0,10,0,0,Brewer MKIV #153
2000-04-03,286,0,2,0,0,Brewer MKIV #153
2000-04-04,286,0,19,0,0,Brewer MKIV #153
2000-04-06,276,0,6,0,0,Brewer MKIV #153
2000-04-08,272,0,18,0,0,Brewer MKIV #153
2000-04-09,297,0,16,0,0,Brewer MKIV #153
2000-04-11,284,0,16,0,0,Brewer MKIV #153
2000-04-12,257,0,17,0,0,Brewer MKIV #153
2000-04-13,260,0,16,0,0,Brewer MKIV #153
2000-04-14,276,0,10,0,0,Brewer MKIV #153
2000-04-16,250,0,11,0,0,Brewer MKIV #153
2000-04-17,247,0,10,0,0,Brewer MKIV #153
2000-04-18,243,0,6,0,0,Brewer MKIV #153
2000-04-21,207,0,2,0,0,Brewer MKIV #153
2000-04-23,233,0,2,0,0,Brewer MKIV #153
2000-04-24,209,0,2,0,0,Brewer MKIV #153
2000-05-15,328,2,11,0,0,Brewer MKIV #153
2000-05-16,291,2,11,0,0,Brewer MKIV #153
2000-06-15,218,17,4,0,0,Brewer MKIV #153
2000-06-16,233,5,4,0,0,Brewer MKIV #153
2000-07-13,265,3,2,0,0,Brewer MKIV #153
2000-07-16,253,3,4,0,0,Brewer MKIV #153
2000-07-17,212,10,1,0,0,Brewer MKIV #153
2000-07-19,265,2,3,0,0,Brewer MKIV #153
2000-07-20,267,2,2,0,0,Brewer MKIV #153
2000-08-17,212,6,3,0,0,Brewer MKIV #153
2000-08-18,211,5,9,0,0,Brewer MKIV #153
2000-09-01,162,0,12,0,0,Brewer MKIV #153
2000-09-02,168,0,5,0,0,Brewer MKIV #153
2000-09-03,115,0,5,0,0,Brewer MKIV #153
2000-09-05,225,0,19,0,0,Brewer MKIV #153
2000-09-11,169,1,6,0,0,Brewer MKIV #153
2000-09-12,161,1,7,0,0,Brewer MKIV #153
2000-09-13,154,1,10,0,0,Brewer MKIV #153
2000-09-16,134,1,12,0,0,Brewer MKIV #153
2000-09-19,145,2,4,0,0,Brewer MKIV #153
2000-09-20,142,1,16,0,0,Brewer MKIV #153
2000-09-21,143,1,17,0,0,Brewer MKIV #153
2000-09-22,135,2,12,0,0,Brewer MKIV #153
2000-09-27,113,2,13,0,0,Brewer MKIV #153
2000-09-28,122,1,23,0,0,Brewer MKIV #153
2000-09-29,117,1,19,0,0,Brewer MKIV #153
2000-09-30,119,2,15,0,0,Brewer MKIV #153
2000-10-01,123,1,22,0,0,Brewer MKIV #153
2000-10-02,121,1,23,0,0,Brewer MKIV #153
2000-10-03,116,2,7,0,0,Brewer MKIV #153
2000-10-05,125,1,14,0,0,Brewer MKIV #153
2000-10-06,116,1,30,0,0,Brewer MKIV #153
2000-10-07,118,1,23,0,0,Brewer MKIV #153
2000-10-09,141,2,32,0,0,Brewer MKIV #153
2000-10-10,134,2,27,0,0,Brewer MKIV #153
2000-10-11,131,2,20,0,0,Brewer MKIV #153
2000-10-12,157,2,21,0,0,Brewer MKIV #153
2000-10-13,186,2,25,0,0,Brewer MKIV #153
2000-10-14,148,2,22,0,0,Brewer MKIV #153
2000-10-15,153,2,12,0,0,Brewer MKIV #153
2000-10-16,157,2,10,0,0,Brewer MKIV #153
2000-10-17,181,2,5,0,0,Brewer MKIV #153
2000-10-20,156,5,5,0,0,Brewer MKIV #153
2000-10-21,150,2,23,0,0,Brewer MKIV #153
2000-10-22,166,2,14,0,0,Brewer MKIV #153
2000-10-23,148,3,13,0,0,Brewer MKIV #153
2000-10-24,150,3,9,0,0,Brewer MKIV #153
2000-10-25,148,2,20,0,0,Brewer MKIV #153
2000-10-27,159,2,25,0,0,Brewer MKIV #153
2000-10-28,156,2,28,0,0,Brewer MKIV #153
2000-10-31,155,2,9,0,0,Brewer MKIV #153
2000-11-01,158,2,34,0,0,Brewer MKIV #153
2000-11-02,160,2,33,0,0,Brewer MKIV #153
2000-11-03,163,2,29,0,0,Brewer MKIV #153
2000-11-05,153,2,29,0,0,Brewer MKIV #153
2000-11-06,168,2,37,0,0,Brewer MKIV #153
2000-11-07,182,3,18,0,0,Brewer MKIV #153
2000-11-08,187,2,19,0,0,Brewer MKIV #153
2000-11-09,193,1,8,0,0,Brewer MKIV #153
2000-11-11,186,2,24,0,0,Brewer MKIV #153
2000-11-12,199,2,14,0,0,Brewer MKIV #153
2000-11-13,198,2,41,0,0,Brewer MKIV #153
2000-11-14,209,2,44,0,0,Brewer MKIV #153
2000-11-15,204,2,24,0,0,Brewer MKIV #153
2000-11-16,205,2,37,0,0,Brewer MKIV #153
2000-11-22,220,3,27,0,0,Brewer MKIV #153
2000-11-23,222,2,34,0,0,Brewer MKIV #153
2000-11-24,228,2,16,0,0,Brewer MKIV #153
2000-11-25,219,2,28,0,0,Brewer MKIV #153
2000-11-26,221,2,36,0,0,Brewer MKIV #153
2000-11-27,240,1,6,0,0,Brewer MKIV #153
2000-11-28,266,3,21,0,0,Brewer MKIV #153
2000-11-30,303,3,8,0,0,Brewer MKIV #153
2000-12-01,335,1,36,0,0,Brewer MKIV #153
2000-12-02,331,2,24,0,0,Brewer MKIV #153
2000-12-03,331,2,15,0,0,Brewer MKIV #153
2000-12-04,323,3,6,0,0,Brewer MKIV #153
2000-12-06,312,3,12,0,0,Brewer MKIV #153
2000-12-07,302,1,35,0,0,Brewer MKIV #153
2000-12-08,311,1,42,0,0,Brewer MKIV #153
2000-12-09,309,3,22,0,0,Brewer MKIV #153
2000-12-10,299,2,39,0,0,Brewer MKIV #153
2000-12-11,299,2,40,0,0,Brewer MKIV #153
2000-12-12,295,2,36,0,0,Brewer MKIV #153
2000-12-13,299,2,35,0,0,Brewer MKIV #153
2000-12-14,315,2,33,0,0,Brewer MKIV #153
2000-12-15,308,2,33,0,0,Brewer MKIV #153
2000-12-16,315,1,15,0,0,Brewer MKIV #153
2000-12-17,314,1,40,0,0,Brewer MKIV #153
2000-12-18,311,2,36,0,0,Brewer MKIV #153
2000-12-19,309,3,20,0,0,Brewer MKIV #153
2000-12-20,307,2,17,0,0,Brewer MKIV #153
2000-12-21,306,1,18,0,0,Brewer MKIV #153
2000-12-22,304,3,10,0,0,Brewer MKIV #153
2000-12-23,291,4,2,0,0,Brewer MKIV #153
2000-12-24,298,1,2,0,0,Brewer MKIV #153
2000-12-27,287,4,5,0,0,Brewer MKIV #153
2000-12-29,282,3,22,0,0,Brewer MKIV #153
2000-12-30,289,2,39,0,0,Brewer MKIV #153
2000-12-31,296,2,31,0,0,Brewer MKIV #153
2001-01-01,301,2,8,0,0,Brewer MKIV #153
2001-01-02,293,2,9,0,0,Brewer MKIV #153
2001-01-06,303,3,18,0,0,Brewer MKIV #153
2001-01-07,299,3,18,0,0,Brewer MKIV #153
2001-01-08,310,2,19,0,0,Brewer MKIV #153
2001-01-11,321,1,8,0,0,Brewer MKIV #153
2001-01-12,302,3,11,0,0,Brewer MKIV #153
2001-01-13,313,2,1,0,0,Brewer MKIV #153
2001-01-14,308,3,13,0,0,Brewer MKIV #153
2001-01-15,305,3,16,0,0,Brewer MKIV #153
2001-01-16,311,2,3,0,0,Brewer MKIV #153
2001-01-18,314,2,23,0,0,Brewer MKIV #153
2001-01-19,307,3,9,0,0,Brewer MKIV #153
2001-01-22,294,2,20,0,0,Brewer MKIV #153
2001-01-23,285,3,23,0,0,Brewer MKIV #153
2001-01-24,292,2,22,0,0,Brewer MKIV #153
2001-01-25,289,2,24,0,0,Brewer MKIV #153
2001-01-26,300,2,19,0,0,Brewer MKIV #153
2001-01-29,280,2,24,0,0,Brewer MKIV #153
2001-01-30,279,3,12,0,0,Brewer MKIV #153
2001-02-01,288,2,11,0,0,Brewer MKIV #153
2001-02-02,279,2,20,0,0,Brewer MKIV #153
2001-02-03,274,2,26,0,0,Brewer MKIV #153
2001-02-05,262,3,4,0,0,Brewer MKIV #153
2001-02-06,250,3,8,0,0,Brewer MKIV #153
2001-02-08,253,2,19,0,0,Brewer MKIV #153
2001-02-09,251,3,8,0,0,Brewer MKIV #153
2001-02-10,265,2,14,0,0,Brewer MKIV #153
2001-02-12,275,3,3,0,0,Brewer MKIV #153
2001-02-14,298,1,13,0,0,Brewer MKIV #153
2001-02-21,297,2,15,0,0,Brewer MKIV #153
2001-02-23,293,1,18,0,0,Brewer MKIV #153
2001-02-24,291,3,4,0,0,Brewer MKIV #153
2001-02-26,275,2,2,0,0,Brewer MKIV #153
2001-02-27,280,4,1,0,0,Brewer MKIV #153
2001-02-28,288,2,12,0,0,Brewer MKIV #153
2001-03-05,253,1,13,0,0,Brewer MKIV #153
2001-03-08,257,1,11,0,0,Brewer MKIV #153
2001-03-23,256,0,11,0,0,Brewer MKIV #153
2001-09-02,214,0,9,0,0,Brewer MKIV #153
2001-09-03,208,0,12,0,0,Brewer MKIV #153
2001-09-04,194,1,12,0,0,Brewer MKIV #153
2001-09-08,172,1,2,0,0,Brewer MKIV #153
2001-09-12,188,1,6,0,0,Brewer MKIV #153
2001-09-13,185,1,10,0,0,Brewer MKIV #153
2001-09-16,144,1,11,0,0,Brewer MKIV #153
2001-09-21,141,1,11,0,0,Brewer MKIV #153
2001-09-22,130,1,15,0,0,Brewer MKIV #153
2001-09-23,132,1,9,0,0,Brewer MKIV #153
2001-09-26,136,1,16,0,0,Brewer MKIV #153
2001-09-27,128,2,16,0,0,Brewer MKIV #153
2001-09-29,113,2,9,0,0,Brewer MKIV #153
2001-09-30,142,2,16,0,0,Brewer MKIV #153
2001-10-11,143,2,18,0,0,Brewer MKIV #153
2001-10-14,137,2,19,0,0,Brewer MKIV #153
2001-10-15,133,2,19,0,0,Brewer MKIV #153
2001-10-18,118,2,25,0,0,Brewer MKIV #153
2001-10-19,147,2,13,0,0,Brewer MKIV #153
2001-10-20,135,2,18,0,0,Brewer MKIV #153
2001-10-21,127,2,16,0,0,Brewer MKIV #153
2001-10-22,126,2,12,0,0,Brewer MKIV #153
2001-10-24,140,2,18,0,0,Brewer MKIV #153
2001-10-28,130,2,11,0,0,Brewer MKIV #153
2001-11-03,157,2,13,0,0,Brewer MKIV #153
2001-11-04,149,3,13,0,0,Brewer MKIV #153
2001-11-05,145,2,23,0,0,Brewer MKIV #153
2001-11-06,155,2,17,0,0,Brewer MKIV #153
2001-11-07,158,3,12,0,0,Brewer MKIV #153
2001-11-10,148,3,10,0,0,Brewer MKIV #153
2001-11-12,159,3,12,0,0,Brewer MKIV #153
2001-11-13,150,3,13,0,0,Brewer MKIV #153
2001-11-14,147,3,13,0,0,Brewer MKIV #153
2001-11-17,150,2,19,0,0,Brewer MKIV #153
2001-11-19,153,3,18,0,0,Brewer MKIV #153
2001-11-23,242,3,23,0,0,Brewer MKIV #153
2001-11-24,174,3,18,0,0,Brewer MKIV #153
2001-11-25,212,3,17,0,0,Brewer MKIV #153
2001-11-26,260,3,18,0,0,Brewer MKIV #153
2001-11-27,303,3,19,0,0,Brewer MKIV #153
2001-11-28,275,3,12,0,0,Brewer MKIV #153
2001-11-29,317,3,15,0,0,Brewer MKIV #153
2001-12-02,274,3,13,0,0,Brewer MKIV #153
2001-12-03,219,3,5,0,0,Brewer MKIV #153
2001-12-04,194,3,18,0,0,Brewer MKIV #153
2001-12-05,241,3,17,0,0,Brewer MKIV #153
2001-12-06,285,3,21,0,0,Brewer MKIV #153
2001-12-10,250,3,17,0,0,Brewer MKIV #153
2001-12-21,254,4,9,0,0,Brewer MKIV #153
2001-12-22,284,3,12,0,0,Brewer MKIV #153
2001-12-23,260,3,24,0,0,Brewer MKIV #153
2001-12-24,271,3,16,0,0,Brewer MKIV #153
2001-12-26,301,3,15,0,0,Brewer MKIV #153
2001-12-27,298,3,20,0,0,Brewer MKIV #153
2001-12-28,292,3,17,0,0,Brewer MKIV #153
2001-12-29,286,3,18,0,0,Brewer MKIV #153
2001-12-30,275,3,18,0,0,Brewer MKIV #153
2002-01-01,283,3,13,0,0,Brewer MKIV #153
2002-01-02,289,3,23,0,0,Brewer MKIV #153
2002-01-03,287,3,16,0,0,Brewer MKIV #153
2002-01-04,281,3,16,0,0,Brewer MKIV #153
2002-01-07,272,3,23,0,0,Brewer MKIV #153
2002-01-08,271,3,15,0,0,Brewer MKIV #153
2002-01-09,265,3,7,0,0,Brewer MKIV #153
2002-01-10,264,3,18,0,0,Brewer MKIV #153
2002-01-13,257,3,15,0,0,Brewer MKIV #153
2002-01-14,263,3,15,0,0,Brewer MKIV #153
2002-01-17,285,0,2,0,0,Brewer MKIV #153
2002-01-22,289,2,20,0,0,Brewer MKIV #153
2002-01-23,286,3,20,0,0,Brewer MKIV #153
2002-01-29,282,3,10,0,0,Brewer MKIV #153
2002-01-30,291,2,32,0,0,Brewer MKIV #153
2002-01-31,275,4,3,0,0,Brewer MKIV #153
2002-02-01,274,2,21,0,0,Brewer MKIV #153
2002-02-04,261,4,14,0,0,Brewer MKIV #153
2002-02-06,273,3,18,0,0,Brewer MKIV #153
2002-02-07,263,2,33,0,0,Brewer MKIV #153
2002-02-08,259,2,26,0,0,Brewer MKIV #153
2002-02-09,266,2,18,0,0,Brewer MKIV #153
2002-02-13,264,2,33,0,0,Brewer MKIV #153
2002-02-16,269,5,1,0,0,Brewer MKIV #153
2002-02-24,265,3,2,0,0,Brewer MKIV #153
2002-02-28,257,2,12,0,0,Brewer MKIV #153
2002-03-01,258,1,13,0,0,Brewer MKIV #153
2002-03-02,247,2,15,0,0,Brewer MKIV #153
2002-03-04,256,1,15,0,0,Brewer MKIV #153
2002-03-13,260,1,13,0,0,Brewer MKIV #153
2002-03-17,308,0,10,0,0,Brewer MKIV #153
2002-03-18,305,0,12,0,0,Brewer MKIV #153
2002-03-19,305,0,12,0,0,Brewer MKIV #153
2002-03-21,295,0,1,0,0,Brewer MKIV #153
2002-03-23,285,1,4,0,0,Brewer MKIV #153
2002-03-24,313,0,9,0,0,Brewer MKIV #153
2002-03-25,300,0,9,0,0,Brewer MKIV #153
2002-03-26,291,0,7,0,0,Brewer MKIV #153
2002-03-27,267,0,9,0,0,Brewer MKIV #153
2002-03-28,263,1,6,0,0,Brewer MKIV #153
2002-03-29,274,1,4,0,0,Brewer MKIV #153
2002-04-01,309,0,6,0,0,Brewer MKIV #153
2002-05-28,257,8,3,0,0,Brewer MKIV #153
2002-05-29,291,1,6,0,0,Brewer MKIV #153
2002-06-25,267,0,37,0,0,Brewer MKIV #153
2002-06-26,268,0,9,0,0,Brewer MKIV #153
2002-06-28,284,0,3,0,0,Brewer MKIV #153
2002-07-21,276,5,3,0,0,Brewer MKIV #153
2002-07-22,311,2,5,0,0,Brewer MKIV #153
2002-07-23,307,0,4,0,0,Brewer MKIV #153
2002-08-04,205,11,4,0,0,Brewer MKIV #153
2002-08-23,222,2,11,0,0,Brewer MKIV #153
2002-08-24,249,2,4,0,0,Brewer MKIV #153
2002-08-26,228,3,3,0,0,Brewer MKIV #153
2002-09-14,215,1,8,0,0,Brewer MKIV #153
2002-09-20,177,1,8,0,0,Brewer MKIV #153
2002-09-21,177,2,10,0,0,Brewer MKIV #153
2002-09-22,187,2,9,0,0,Brewer MKIV #153
2002-09-23,179,1,13,0,0,Brewer MKIV #153
2002-09-24,173,1,12,0,0,Brewer MKIV #153
2002-09-27,208,2,4,0,0,Brewer MKIV #153
2002-09-28,229,1,11,0,0,Brewer MKIV #153
2002-09-29,222,1,12,0,0,Brewer MKIV #153
2002-09-30,214,1,14,0,0,Brewer MKIV #153
2002-10-01,211,1,10,0,0,Brewer MKIV #153
2002-10-03,179,2,12,0,0,Brewer MKIV #153
2002-10-08,184,2,14,0,0,Brewer MKIV #153
2002-10-09,207,2,13,0,0,Brewer MKIV #153
2002-10-18,244,4,8,0,0,Brewer MKIV #153
2002-10-19,281,2,10,0,0,Brewer MKIV #153
2002-10-20,287,1,18,0,0,Brewer MKIV #153
2002-10-21,271,1,14,0,0,Brewer MKIV #153
2002-10-22,348,1,22,0,0,Brewer MKIV #153
2002-10-25,401,1,9,0,0,Brewer MKIV #153
2002-10-27,315,1,12,0,0,Brewer MKIV #153
2002-10-30,265,1,16,0,0,Brewer MKIV #153
2002-10-31,283,4,4,0,0,Brewer MKIV #153
2002-11-01,344,1,16,0,0,Brewer MKIV #153
2002-11-02,343,1,19,0,0,Brewer MKIV #153
2002-11-03,345,1,22,0,0,Brewer MKIV #153
2002-11-04,346,1,20,0,0,Brewer MKIV #153
2002-11-05,322,3,11,0,0,Brewer MKIV #153
2002-11-06,293,3,13,0,0,Brewer MKIV #153
2002-11-07,307,2,16,0,0,Brewer MKIV #153
2002-11-08,298,2,4,0,0,Brewer MKIV #153
2002-11-09,305,1,22,0,0,Brewer MKIV #153
2002-11-10,303,3,11,0,0,Brewer MKIV #153
2002-11-11,313,2,16,0,0,Brewer MKIV #153
2002-11-12,315,3,16,0,0,Brewer MKIV #153
2002-11-13,304,1,2,0,0,Brewer MKIV #153
2002-11-16,325,2,20,0,0,Brewer MKIV #153
2002-12-01,317,3,12,0,0,Brewer MKIV #153
2002-12-02,322,2,21,0,0,Brewer MKIV #153
2002-12-05,340,3,12,0,0,Brewer MKIV #153
2002-12-08,339,1,26,0,0,Brewer MKIV #153
2002-12-09,330,2,14,0,0,Brewer MKIV #153
2002-12-15,302,4,1,0,0,Brewer MKIV #153
2002-12-16,305,2,23,0,0,Brewer MKIV #153
2002-12-22,280,1,27,0,0,Brewer MKIV #153
2002-12-23,288,3,19,0,0,Brewer MKIV #153
2002-12-24,291,2,18,0,0,Brewer MKIV #153
2002-12-25,283,1,15,0,0,Brewer MKIV #153
2002-12-27,299,2,18,0,0,Brewer MKIV #153
2002-12-28,299,3,10,0,0,Brewer MKIV #153
2002-12-29,303,3,14,0,0,Brewer MKIV #153
2002-12-30,304,2,27,0,0,Brewer MKIV #153
2003-02-04,315,2,20,0,0,Brewer MKIV #153
2003-02-05,314,2,17,0,0,Brewer MKIV #153
2003-02-06,308,2,21,0,0,Brewer MKIV #153
2003-02-07,310,2,22,0,0,Brewer MKIV #153
2003-02-08,304,2,19,0,0,Brewer MKIV #153
2003-02-09,295,2,21,0,0,Brewer MKIV #153
2003-02-10,296,1,22,0,0,Brewer MKIV #153
2003-02-11,294,1,21,0,0,Brewer MKIV #153
2003-02-12,291,1,22,0,0,Brewer MKIV #153
2003-02-13,294,2,13,0,0,Brewer MKIV #153
2003-02-14,268,2,16,0,0,Brewer MKIV #153
2003-02-15,269,2,16,0,0,Brewer MKIV #153
2003-02-25,227,2,19,0,0,Brewer MKIV #153
2003-02-26,234,2,12,0,0,Brewer MKIV #153
2003-02-27,239,2,16,0,0,Brewer MKIV #153
2003-02-28,244,2,15,0,0,Brewer MKIV #153
2003-03-01,256,1,16,0,0,Brewer MKIV #153
2003-03-11,309,0,12,0,0,Brewer MKIV #153
2003-03-12,293,1,10,0,0,Brewer MKIV #153
2003-03-16,259,1,10,0,0,Brewer MKIV #153
2003-03-18,307,0,6,0,0,Brewer MKIV #153
2003-03-19,277,0,13,0,0,Brewer MKIV #153
2003-03-20,312,0,9,0,0,Brewer MKIV #153
2003-03-21,312,0,9,0,0,Brewer MKIV #153
2003-03-25,247,0,4,0,0,Brewer MKIV #153
2003-03-26,239,2,11,0,0,Brewer MKIV #153
2003-03-28,252,0,7,0,0,Brewer MKIV #153
2003-03-29,259,0,6,0,0,Brewer MKIV #153
2003-04-06,303,0,8,0,0,Brewer MKIV #153
2003-04-07,269,0,8,0,0,Brewer MKIV #153
2003-04-18,293,0,7,0,0,Brewer MKIV #153
2003-04-20,240,0,7,0,0,Brewer MKIV #153
2003-04-25,223,0,4,0,0,Brewer MKIV #153
2003-09-02,217,0,10,0,0,Brewer MKIV #153
2003-09-04,187,0,4,0,0,Brewer MKIV #153
2003-09-05,174,0,11,0,0,Brewer MKIV #153
2003-09-06,164,1,0,1,0,Brewer MKIV #153
2003-09-07,189,1,10,0,0,Brewer MKIV #153
2003-09-09,191,1,2,0,0,Brewer MKIV #153
2003-09-10,207,1,3,0,0,Brewer MKIV #153
2003-09-11,204,1,3,0,0,Brewer MKIV #153
2003-09-13,186,1,1,0,0,Brewer MKIV #153
2003-09-19,156,1,9,0,0,Brewer MKIV #153
2003-09-20,135,1,9,0,0,Brewer MKIV #153
2003-09-21,156,1,6,0,0,Brewer MKIV #153
2003-09-22,139,1,3,0,0,Brewer MKIV #153
2003-09-23,147,2,12,0,0,Brewer MKIV #153
2003-09-24,123,2,13,0,0,Brewer MKIV #153
2003-09-26,124,2,13,0,0,Brewer MKIV #153
2003-09-27,138,2,13,0,0,Brewer MKIV #153
2003-09-28,133,1,13,0,0,Brewer MKIV #153
2003-09-30,131,1,15,0,0,Brewer MKIV #153
2003-10-01,135,1,7,0,0,Brewer MKIV #153
2003-10-02,135,1,13,0,0,Brewer MKIV #153
2003-10-03,133,2,13,0,0,Brewer MKIV #153
2003-10-04,129,1,6,0,0,Brewer MKIV #153
2003-10-05,125,2,9,0,0,Brewer MKIV #153
2003-10-06,124,2,16,0,0,Brewer MKIV #153
2003-10-07,123,2,16,0,0,Brewer MKIV #153
2003-10-08,119,2,16,0,0,Brewer MKIV #153
2003-10-12,144,2,13,0,0,Brewer MKIV #153
2003-10-13,151,2,12,0,0,Brewer MKIV #153
2003-10-16,132,2,10,0,0,Brewer MKIV #153
2003-10-17,137,2,13,0,0,Brewer MKIV #153
2003-10-23,158,2,12,0,0,Brewer MKIV #153
2003-10-24,151,2,16,0,0,Brewer MKIV #153
2003-10-26,183,2,6,0,0,Brewer MKIV #153
2003-10-29,159,2,12,0,0,Brewer MKIV #153
2003-11-05,176,3,10,0,0,Brewer MKIV #153
2003-11-06,187,2,18,0,0,Brewer MKIV #153
2003-11-07,188,2,13,0,0,Brewer MKIV #153
2003-11-08,183,2,15,0,0,Brewer MKIV #153
2003-11-09,179,2,19,0,0,Brewer MKIV #153
2003-11-12,210,2,15,0,0,Brewer MKIV #153
2003-11-15,241,2,9,0,0,Brewer MKIV #153
2003-11-16,221,2,17,0,0,Brewer MKIV #153
2003-11-19,233,2,10,0,0,Brewer MKIV #153
2003-11-23,340,1,10,0,0,Brewer MKIV #153
2003-11-24,298,2,21,0,0,Brewer MKIV #153
2003-11-25,267,2,10,0,0,Brewer MKIV #153
2003-11-30,308,3,7,0,0,Brewer MKIV #153
2003-12-01,296,3,13,0,0,Brewer MKIV #153
2003-12-03,288,3,8,0,0,Brewer MKIV #153
2003-12-05,287,3,11,0,0,Brewer MKIV #153
2003-12-06,293,4,2,0,0,Brewer MKIV #153
2003-12-07,296,2,19,0,0,Brewer MKIV #153
2003-12-09,321,2,19,0,0,Brewer MKIV #153
2003-12-10,321,2,19,0,0,Brewer MKIV #153
2003-12-15,299,2,12,0,0,Brewer MKIV #153
2003-12-19,307,2,14,0,0,Brewer MKIV #153
2003-12-20,302,2,21,0,0,Brewer MKIV #153
2003-12-21,291,4,4,0,0,Brewer MKIV #153
2003-12-22,299,3,14,0,0,Brewer MKIV #153
2003-12-26,262,3,7,0,0,Brewer MKIV #153
2003-12-27,273,2,17,0,0,Brewer MKIV #153
2003-12-30,286,2,20,0,0,Brewer MKIV #153
2004-01-01,278,2,19,0,0,Brewer MKIV #153
2004-01-02,283,3,12,0,0,Brewer MKIV #153
2004-01-04,268,2,23,0,0,Brewer MKIV #153
2004-01-06,271,2,14,0,0,Brewer MKIV #153
2004-01-07,286,2,9,0,0,Brewer MKIV #153
2004-01-12,280,2,12,0,0,Brewer MKIV #153
2004-01-30,282,2,6,0,0,Brewer MKIV #153
2004-02-03,285,8,1,0,0,Brewer MKIV #153
2004-02-09,287,6,18,0,0,Brewer MKIV #153
2004-02-18,303,2,1,0,0,Brewer MKIV #153
2004-02-25,295,4,6,0,0,Brewer MKIV #153
2004-02-27,302,2,8,0,0,Brewer MKIV #153
2004-03-01,283,1,12,0,0,Brewer MKIV #153
2004-03-02,289,1,5,0,0,Brewer MKIV #153
2004-03-03,292,2,4,0,0,Brewer MKIV #153
2004-03-04,293,1,13,0,0,Brewer MKIV #153
2004-03-07,263,8,8,0,0,Brewer MKIV #153
2004-03-08,293,1,1,0,0,Brewer MKIV #153
2004-03-09,294,0,14,0,0,Brewer MKIV #153
2004-03-10,292,1,9,0,0,Brewer MKIV #153
2004-03-13,243,1,1,0,0,Brewer MKIV #153
2004-03-15,285,0,7,0,0,Brewer MKIV #153
2004-03-18,275,0,12,0,0,Brewer MKIV #153
2004-03-22,244,0,18,0,0,Brewer MKIV #153
2004-03-23,257,1,6,0,0,Brewer MKIV #153
2004-03-24,273,1,5,0,0,Brewer MKIV #153
2004-03-26,275,0,20,0,0,Brewer MKIV #153
2004-03-27,272,0,13,0,0,Brewer MKIV #153
2004-03-28,269,0,16,0,0,Brewer MKIV #153
2004-03-29,277,0,7,0,0,Brewer MKIV #153
2004-03-31,280,0,7,0,0,Brewer MKIV #153
2004-04-03,288,0,1,0,0,Brewer MKIV #153
2004-04-17,264,0,8,0,0,Brewer MKIV #153
2004-04-19,225,0,7,0,0,Brewer MKIV #153
2004-04-20,239,0,8,0,0,Brewer MKIV #153
2005-01-01,328,1,15,0,0,Brewer MKIV #153
2005-01-02,295,1,21,0,0,Brewer MKIV #153
2005-01-05,282,5,19,0,0,Brewer MKIV #153
2005-01-08,271,6,15,0,0,Brewer MKIV #153
2005-01-12,254,7,12,0,0,Brewer MKIV #153
2005-01-14,261,2,32,0,0,Brewer MKIV #153
2005-01-15,233,4,2,0,0,Brewer MKIV #153
2005-01-21,262,2,4,0,0,Brewer MKIV #153
2005-01-26,230,4,5,0,0,Brewer MKIV #153
2005-01-31,239,4,10,0,0,Brewer MKIV #153
2005-02-01,250,2,26,0,0,Brewer MKIV #153
2005-02-02,276,3,11,0,0,Brewer MKIV #153
2005-02-03,269,2,17,0,0,Brewer MKIV #153
2005-02-05,286,2,30,0,0,Brewer MKIV #153
2005-02-07,287,4,3,0,0,Brewer MKIV #153
2005-02-09,290,3,11,0,0,Brewer MKIV #153
2005-02-11,286,4,3,0,0,Brewer MKIV #153
2005-02-13,297,7,16,0,0,Brewer MKIV #153
2005-02-14,292,5,5,0,0,Brewer MKIV #153
2005-02-15,281,1,17,0,0,Brewer MKIV #153
2005-02-20,281,1,17,0,0,Brewer MKIV #153
2005-02-24,253,3,7,0,0,Brewer MKIV #153
2005-02-27,285,1,20,0,0,Brewer MKIV #153
2005-03-01,278,1,11,0,0,Brewer MKIV #153
2005-03-09,283,1,22,0,0,Brewer MKIV #153
2005-03-11,272,1,4,0,0,Brewer MKIV #153
2005-03-14,270,3,20,0,0,Brewer MKIV #153
2005-03-17,269,3,5,0,0,Brewer MKIV #153
2005-03-21,314,0,15,0,0,Brewer MKIV #153
2005-03-22,321,0,13,0,0,Brewer MKIV #153
2005-03-23,291,0,1,0,0,Brewer MKIV #153
2005-03-24,264,2,14,0,0,Brewer MKIV #153
2005-03-27,289,0,12,0,0,Brewer MKIV #153
2005-03-28,297,0,2,0,0,Brewer MKIV #153
2005-12-16,315,5,15,0,0,Brewer MKIV #153
2005-12-17,301,9,12,0,0,Brewer MKIV #153
2005-12-18,304,6,10,0,0,Brewer MKIV #153
2005-12-19,290,10,14,0,0,Brewer MKIV #153
2005-12-22,292,3,12,0,0,Brewer MKIV #153
2005-12-27,286,8,18,0,0,Brewer MKIV #153
2005-12-28,282,9,4,0,0,Brewer MKIV #153
2005-12-31,293,5,32,0,0,Brewer MKIV #153
2006-02-23,260,7,12,0,0,Brewer MKIV #153
2006-02-24,269,3,13,0,0,Brewer MKIV #153
2006-02-26,260,1,10,0,0,Brewer MKIV #153
2006-02-27,257,1,16,0,0,Brewer MKIV #153
2006-03-01,294,1,17,0,0,Brewer MKIV #153
2006-03-02,296,1,5,0,0,Brewer MKIV #153
2006-03-03,309,1,9,0,0,Brewer MKIV #153
2006-03-07,287,2,2,0,0,Brewer MKIV #153
2006-03-08,286,2,5,0,0,Brewer MKIV #153
2006-03-09,283,5,4,0,0,Brewer MKIV #153
2006-03-11,289,0,5,0,0,Brewer MKIV #153
2006-03-12,281,1,15,0,0,Brewer MKIV #153
2006-03-13,286,1,14,0,0,Brewer MKIV #153
2006-03-15,274,0,1,0,0,Brewer MKIV #153
2006-03-16,271,1,15,0,0,Brewer MKIV #153
2006-03-17,259,1,7,0,0,Brewer MKIV #153
2006-03-19,235,1,14,0,0,Brewer MKIV #153
2006-03-20,241,1,9,0,0,Brewer MKIV #153
2006-03-21,235,1,14,0,0,Brewer MKIV #153
2006-03-23,267,0,6,0,0,Brewer MKIV #153
2006-03-24,285,0,7,0,0,Brewer MKIV #153
2006-03-25,302,0,11,0,0,Brewer MKIV #153
2006-03-26,315,0,11,0,0,Brewer MKIV #153
2006-04-01,317,0,5,0,0,Brewer MKIV #153
2006-04-02,290,0,5,0,0,Brewer MKIV #153
2006-04-03,310,0,10,0,0,Brewer MKIV #153
2006-04-04,280,0,6,0,0,Brewer MKIV #153
2006-04-05,285,0,12,0,0,Brewer MKIV #153
2006-04-06,281,0,10,0,0,Brewer MKIV #153
2006-04-09,286,0,4,0,0,Brewer MKIV #153
2006-04-13,288,0,8,0,0,Brewer MKIV #153
2006-04-14,305,0,6,0,0,Brewer MKIV #153
2006-04-16,282,0,8,0,0,Brewer MKIV #153
2006-04-17,262,0,5,0,0,Brewer MKIV #153
2006-04-18,257,0,1,0,0,Brewer MKIV #153
2006-04-19,249,0,2,0,0,Brewer MKIV #153
2006-09-01,198,0,3,0,0,Brewer MKIV #153
2006-09-04,210,0,5,0,0,Brewer MKIV #153
2006-09-05,190,0,8,0,0,Brewer MKIV #153
2006-09-08,174,0,11,0,0,Brewer MKIV #153
2006-09-09,155,2,2,0,0,Brewer MKIV #153
2006-09-10,158,0,14,0,0,Brewer MKIV #153
2006-09-11,160,1,11,0,0,Brewer MKIV #153
2006-09-12,194,1,7,0,0,Brewer MKIV #153
2006-09-13,154,1,8,0,0,Brewer MKIV #153
2006-09-14,142,1,9,0,0,Brewer MKIV #153
2006-09-15,143,1,9,0,0,Brewer MKIV #153
2006-09-16,149,1,9,0,0,Brewer MKIV #153
2006-09-17,176,1,10,0,0,Brewer MKIV #153
2006-09-18,167,1,4,0,0,Brewer MKIV #153
2006-09-19,137,1,12,0,0,Brewer MKIV #153
2006-09-20,124,1,11,0,0,Brewer MKIV #153
2006-09-23,138,2,11,0,0,Brewer MKIV #153
2006-09-24,129,1,10,0,0,Brewer MKIV #153
2006-09-25,114,2,7,0,0,Brewer MKIV #153
2006-09-26,120,1,3,0,0,Brewer MKIV #153
2006-09-28,115,1,11,0,0,Brewer MKIV #153
2006-10-03,115,1,6,0,0,Brewer MKIV #153
2006-10-05,128,2,19,0,0,Brewer MKIV #153
2006-10-09,154,2,15,0,0,Brewer MKIV #153
2006-10-10,145,2,6,0,0,Brewer MKIV #153
2006-10-11,116,2,12,0,0,Brewer MKIV #153
2006-10-12,112,1,22,0,0,Brewer MKIV #153
2006-10-13,108,5,22,0,0,Brewer MKIV #153
2006-10-14,126,5,15,0,0,Brewer MKIV #153
2006-10-15,114,2,22,0,0,Brewer MKIV #153
2006-10-16,119,1,17,0,0,Brewer MKIV #153
2006-10-17,139,2,23,0,0,Brewer MKIV #153
2006-10-18,130,0,23,0,0,Brewer MKIV #153
2006-10-19,112,2,24,0,0,Brewer MKIV #153
2006-10-20,117,1,25,0,0,Brewer MKIV #153
2006-10-21,121,1,25,0,0,Brewer MKIV #153
2006-10-22,120,2,26,0,0,Brewer MKIV #153
2006-10-23,125,2,25,0,0,Brewer MKIV #153
2006-10-24,114,1,26,0,0,Brewer MKIV #153
2006-10-25,111,2,25,0,0,Brewer MKIV #153
2006-10-27,127,1,4,0,0,Brewer MKIV #153
2006-10-29,130,4,17,0,0,Brewer MKIV #153
2006-10-30,130,2,27,0,0,Brewer MKIV #153
2006-11-01,137,2,27,0,0,Brewer MKIV #153
2006-11-02,148,2,29,0,0,Brewer MKIV #153
2006-11-03,148,2,27,0,0,Brewer MKIV #153
2006-11-04,143,2,29,0,0,Brewer MKIV #153
2006-11-05,130,2,29,0,0,Brewer MKIV #153
2006-11-06,136,2,15,0,0,Brewer MKIV #153
2006-11-07,133,2,15,0,0,Brewer MKIV #153
2006-11-08,136,1,30,0,0,Brewer MKIV #153
2006-11-09,146,3,20,0,0,Brewer MKIV #153
2006-11-10,153,3,30,0,0,Brewer MKIV #153
2006-11-11,178,2,31,0,0,Brewer MKIV #153
2006-11-18,196,6,18,0,0,Brewer MKIV #153
2006-11-19,186,4,34,0,0,Brewer MKIV #153
2006-11-20,172,2,22,0,0,Brewer MKIV #153
2006-11-21,159,3,14,0,0,Brewer MKIV #153
2006-11-22,159,2,27,0,0,Brewer MKIV #153
2006-11-25,139,5,9,0,0,Brewer MKIV #153
2006-11-26,144,7,34,0,0,Brewer MKIV #153
2006-11-27,163,5,33,0,0,Brewer MKIV #153
2006-11-28,170,5,17,0,0,Brewer MKIV #153
2006-11-30,212,5,31,0,0,Brewer MKIV #153
2006-12-01,202,7,32,0,0,Brewer MKIV #153
2006-12-02,207,4,35,0,0,Brewer MKIV #153
2006-12-03,220,3,31,0,0,Brewer MKIV #153
2006-12-04,219,2,15,0,0,Brewer MKIV #153
2006-12-05,215,5,25,0,0,Brewer MKIV #153
2006-12-06,227,3,33,0,0,Brewer MKIV #153
2006-12-07,230,1,15,0,0,Brewer MKIV #153
2006-12-08,214,5,34,0,0,Brewer MKIV #153
2006-12-09,217,5,34,0,0,Brewer MKIV #153
2006-12-10,219,7,37,0,0,Brewer MKIV #153
2006-12-11,218,7,33,0,0,Brewer MKIV #153
2006-12-14,218,3,12,0,0,Brewer MKIV #153
2006-12-18,238,8,31,0,0,Brewer MKIV #153
2006-12-19,238,7,33,0,0,Brewer MKIV #153
2006-12-20,241,5,33,0,0,Brewer MKIV #153
2006-12-21,244,8,25,0,0,Brewer MKIV #153
2006-12-22,247,8,30,0,0,Brewer MKIV #153
2006-12-23,265,4,18,0,0,Brewer MKIV #153
2006-12-24,268,4,13,0,0,Brewer MKIV #153
2006-12-25,259,5,23,0,0,Brewer MKIV #153
2006-12-29,266,5,27,0,0,Brewer MKIV #153
2006-12-30,260,5,25,0,0,Brewer MKIV #153
2006-12-31,270,4,35,0,0,Brewer MKIV #153